{
  "feature_scaler_min": [
    -77.11,
    -77.11,
    -77.11,
    -19.09125,
    3.1225126622779262,
    11.131726190476192,
    6.437811449025685,
    0.0,
    0.0,
    1.0,
    0.0,
    0.0
  ],
  "feature_scaler_scale": [
    0.0010582458516762614,
    0.0010582458516762614,
    0.0010582458516762614,
    0.0013975483508055992,
    0.004293716467339579,
    0.0017001722031560053,
    0.005450365516746382,
    0.043478260869565216,
    0.16666666666666666,
    0.09090909090909091,
    1.0,
    1.0
  ],
  "target_scaler_min": [
    -77.11
  ],
  "target_scaler_scale": [
    0.0010582458516762614
  ],
  "feature_cols": [
    "lag_1h",
    "lag_24h",
    "lag_168h",
    "rolling_mean_24h",
    "rolling_std_24h",
    "rolling_mean_168h",
    "rolling_std_168h",
    "hour",
    "day_of_week",
    "month",
    "is_weekend",
    "is_holiday"
  ],
  "lookback": 24
}